"Table","StartRow","EndRow"
"s1",2,4
"s2b",8,11
"s2",15,22
"s2a",26,28
"qcard_specialty",32,33
"qspecialty",37,39
"s3a",43,45
"qtype_of_card",49,51
"qon_list_off_list",55,60
"qlist_tier",64,67
"qlist_priority_account",71,72
"s4",76,78
"s6",82,90
"s7",94,95
"s9",99,106
"s10",110,118
"s11",122,130
"a2a",134,136
"a2b",140,142
"a5",146,149
"us_state",153,161
"region",165,170
"b3",174,176
"b4",180,188
"qconsent",192,193
"s5",197,203
"s8",207,210
"s12",214,217
"a1_value_1",221,224
"a1_value_2",228,231
"a3",235,241
"a3ar1",245,246
"a3ar2",250,251
"a3ar3",255,256
"a3ar4",260,261
"a3ar5",265,266
"a3br1",270,271
"a3br2",275,276
"a3br3",280,281
"a3br4",285,286
"a3br5",290,291
"a4r1",295,296
"a4r2",300,301
"a4r3",305,306
"a4r4",310,311
"a4r5",315,316
"a4r6",320,321
"a4r7",325,326
"a4br1",330,331
"a4br2",335,336
"a4br3",340,341
"a4br4",345,346
"a4br5",350,351
"a6_value_1",355,362
"a6_value_2",366,373
"a6_value_3",377,384
"a6_value_4",388,395
"a7",399,403
"a8r1",407,409
"a8r2",413,415
"a8r3",419,421
"a8r4",425,427
"a8r5",431,433
"a9_value_1",437,439
"a9_value_2",443,445
"a9_value_3",449,451
"a9_value_4",455,457
"a10",461,466
"b1",470,477
"b5",481,485
