[record]: Record number,,
Open numeric response,,
,,
[uuid]: Participant identifier,,
Open text response,,
,,
[date]: Completion time and date,,
Open text response,,
,,
[markers]: Acquired markers,,
Open text response,,
,,
[status]: Participant status,,
Values: 1-4,,
,1,Terminated
,2,Overquota
,3,Qualified
,4,Partial
,,
RD_results: Research Defender /SEARCH Results,,
Open text response,,
,[RD_resultsthreat_potential],Threat Potential
,[RD_resultsthreat_potential_score],Threat Potential Score
,[RD_resultscountry],Country
,[RD_resultscountry_code],Country Code
,[RD_resultsrespondent_risk],Respondent Risk
,[RD_resultsrespondent_ud],Respondent Ud
,[RD_resultsflag],Flag
,[RD_resultsduplicate_initial_ud],Duplicate Initial Ud
,[RD_resultsduplicate_potential],Duplicate Potential
,[RD_resultsduplicate_score],Duplicate Score
,[RD_resultscountry_mismatch],Country Mismatch
,[RD_resultsfailure_reason],Failure Reason
,[RD_resultsdescription],Description
,,
[hidDeviceType]: Hidden: Device Type,,
Values: 1-3,,
,1,Phone
,2,Tablet
,3,Desktop
,,
[hidChangelog]: Live Changes log,,
Values: 1-10,,
,1,Initial
,2,"Aug. 18, 2025 12nn pst - Made fixes based on DP observations"
,3,Date Time - Change description - Q're version 3
,4,Date Time - Change description - Q're version 4
,5,Date Time - Change description - Q're version 5
,6,Date Time - Change description - Q're version 6
,7,Date Time - Change description - Q're version 7
,8,Date Time - Change description - Q're version 8
,9,Date Time - Change description - Q're version 9
,10,Date Time - Change description - Q're version 10
,,
[hidCountry]: Country,,
Values: 1-8,,
,1,United States
,2,Canada
,3,United Kingdom
,4,Germany
,5,France
,6,Italy
,7,Spain
,8,Brazil
,,
[vc]: Country,,
Values: 1-8,,
,1,United States
,2,Canada
,3,United Kingdom
,4,Germany
,5,France
,6,Italy
,7,Spain
,8,Brazil
,,
[LOOP]: Loop Version,,
Values: 1-2,,
,,
"S1: Do you, or is any family member, currently working in one of the following industries?",,
Values: 0-1,,
,0,Unchecked
,1,Checked
,[S1r1],Advertising
,[S1r2],Journalism
,[S1r3],Marketing or Market Research
,[S1r4],Travel and Tourism
,[S1r5],Food and Beverage Industry (manufacturing or distribution)
,[S1r6],"Finance, Banking, or Insurance"
,[S1r7],Retail (hypermarkets or supermarket)
,[S1r8],None of the above
,,
[S2]: What is your age?,,
Values: 1-99,,
,,
[hAge]: hAge (used for Census Balancing),,
Values: 1-7,,
,1,21-24
,2,25-34
,3,35-44
,4,45-54
,5,55-64
,6,65-74
,7,75-99
,,
[S3]: How would you describe your gender?,,
Values: 1-4,,
,1,Male
,2,Female
,3,In another way
,4,Prefer not to answer
,,
[S4]: Please enter the 5-digit zip code for where you currently live.,,
Open text response,,
,,
[hSTATE]: Hidden Question. US state/territory mapping from the zipcode.,,
Values: 1-99,,
,1,Alabama
,2,Alaska
,3,Arizona
,4,Arkansas
,5,California
,6,Colorado
,7,Connecticut
,8,Delaware
,9,Florida
,10,Georgia
,11,Hawaii
,12,Idaho
,13,Illinois
,14,Indiana
,15,Iowa
,16,Kansas
,17,Kentucky
,18,Louisiana
,19,Maine
,20,Maryland
,21,Massachusetts
,22,Michigan
,23,Minnesota
,24,Mississippi
,25,Missouri
,26,Montana
,27,Nebraska
,28,Nevada
,29,New Hampshire
,30,New Jersey
,31,New Mexico
,32,New York
,33,North Carolina
,34,North Dakota
,35,Ohio
,36,Oklahoma
,37,Oregon
,38,Pennsylvania
,39,Rhode Island
,40,South Carolina
,41,South Dakota
,42,Tennessee
,43,Texas
,44,Utah
,45,Vermont
,46,Virginia
,47,Washington
,48,West Virginia
,49,Wisconsin
,50,Wyoming
,51,American Samoa
,52,District of Columbia
,53,Federated States of Micronesia
,54,Guam
,55,Marshall Islands
,56,Northern Mariana Islands
,57,Palau
,58,Puerto Rico
,59,Virgin Islands
,99,Other/None
,,
[hRegion4]: Hidden Question. Region 4 mapping from the zipcode.,,
Values: 1-4,,
,1,Northeast
,2,Midwest
,3,South
,4,West
,,
[hRegion9]: Hidden Question. Region 9 mapping from the zipcode.,,
Values: 1-9,,
,1,"Pacific (WA, OR, CA, AK, HI)"
,2,"Mountain (MT, ID, WY, NV, UT, CO, AZ, NM)"
,3,"West North Central (ND, SD, NE, KS, MN, IA, MO)"
,4,"West South Central (TX, OK, AR, LA)"
,5,"East North Central (WI, IL, MI, IN, OH)"
,6,"East South Central (KY, TN, MS, AL)"
,7,"South Atlantic (FL, GA, SC, NC, VA, WV, DC, MD, DE)"
,8,"Middle Atlantic (NY, NJ, PA)"
,9,"New England (ME, NH, VT, MA, RI, CT)"
,,
[hDMA]: Hidden Question. DMA mapping from the zipcode.,,
Values: 500-999,,
,662,"662 Abilene-Sweetwater, TX"
,525,"525 Albany, GA"
,532,"532 Albany-Schenectady-Troy, NY"
,790,"790 Albuquerque-Santa Fe, NM"
,644,"644 Alexandria, LA"
,583,"583 Alpena, MI"
,634,"634 Amarillo, TX"
,743,"743 Anchorage, AK"
,524,"524 Atlanta, GA"
,520,"520 Augusta, GA"
,635,"635 Austin, TX"
,800,"800 Bakersfield, CA"
,512,"512 Baltimore, MD"
,537,"537 Bangor, ME"
,716,"716 Baton Rouge, LA"
,692,"692 Beaumont-Port Arthur, TX"
,821,"821 Bend, OR"
,756,"756 Billings, MT"
,746,"746 Biloxi-Gulfport, MS"
,502,"502 Binghamton, NY"
,630,"630 Birmingham (Anniston and Tuscaloosa), AL"
,559,"559 Bluefield-Beckley-Oak Hill, WV"
,757,"757 Boise, ID"
,506,"506 Boston, MA (Manchester, NH)"
,736,"736 Bowling Green, KY"
,514,"514 Buffalo, NY"
,523,"523 Burlington, VT-Plattsburgh, NY"
,754,"754 Butte-Bozeman, MT"
,767,"767 Casper-Riverton, WY"
,637,"637 Cedar Rapids-Waterloo-Iowa City and Dubuque, IA"
,648,"648 Champaign and Springfield-Decatur, IL"
,519,"519 Charleston, SC"
,564,"564 Charleston-Huntington, WV"
,517,"517 Charlotte, NC"
,584,"584 Charlottesville, VA"
,575,"575 Chattanooga, TN"
,759,"759 Cheyenne, WY-Scottsbluff, NE"
,602,"602 Chicago, IL"
,868,"868 Chico-Redding, CA"
,515,"515 Cincinnati, OH"
,598,"598 Clarksburg-Weston, WV"
,510,"510 Cleveland-Akron (Canton), OH"
,752,"752 Colorado Springs-Pueblo, CO"
,546,"546 Columbia, SC"
,604,"604 Columbia-Jefferson City, MO"
,522,"522 Columbus, GA"
,535,"535 Columbus, OH"
,673,"673 Columbus-Tupelo-West Point, MS"
,600,"600 Corpus Christi, TX"
,623,"623 Dallas-Ft. Worth, TX"
,682,"682 Davenport, IA-Rock Island-Moline, IL"
,542,"542 Dayton, OH"
,751,"751 Denver, CO"
,679,"679 Des Moines-Ames, IA"
,505,"505 Detroit, MI"
,606,"606 Dothan, AL"
,676,"676 Duluth, MN-Superior, WI"
,765,"765 El Paso, TX"
,565,"565 Elmira, NY"
,516,"516 Erie, PA"
,801,"801 Eugene, OR"
,802,"802 Eureka, CA"
,649,"649 Evansville, IN"
,745,"745 Fairbanks, AK"
,724,"724 Fargo-Valley City, ND"
,513,"513 Flint-Saginaw-Bay City, MI"
,866,"866 Fresno-Visalia, CA"
,571,"571 Ft. Myers-Naples, Fl"
,670,"670 Ft. Smith-Fayetteville-Springdale-Rogers, AR"
,509,"509 Ft. Wayne, IN"
,592,"592 Gainesville, FL"
,798,"798 Glendive, MT"
,773,"773 Grand Junction-Montrose, CO"
,563,"563 Grand Rapids-Kalamazoo-Battle Creek, MI"
,755,"755 Great Falls, MT"
,658,"658 Green Bay-Appleton, WI"
,518,"518 Greensboro-High Point-Winston Salem, NC"
,545,"545 Greenville-New Bern-Washington, NC"
,567,"567 Greenville-Spartanburg, SC-Asheville, NC-Anderson,SC"
,647,"647 Greenwood-Greenville, MS"
,636,"636 Harlingen-Weslaco-Brownsville-McAllen, TX"
,566,"566 Harrisburg-Lancaster-Lebanon-York, PA"
,569,"569 Harrisonburg, VA"
,533,"533 Hartford and New Haven, CT"
,710,"710 Hattiesburg-Laurel, MS"
,766,"766 Helena, MT"
,744,"744 Honolulu, HI"
,618,"618 Houston, TX"
,691,"691 Huntsville-Decatur (Florence), AL"
,758,"758 Idaho Falls-Pocatello, ID"
,527,"527 Indianapolis, IN"
,718,"718 Jackson, MS"
,639,"639 Jackson, TN"
,561,"561 Jacksonville, FL"
,574,"574 Johnstown-Altoona, PA"
,734,"734 Jonesboro, AR"
,603,"603 Joplin, MO-Pittsburg, KS"
,747,"747 Juneau, AK"
,616,"616 Kansas City, MO"
,557,"557 Knoxville, TN"
,702,"702 La Crosse-Eau Claire, WI"
,582,"582 Lafayette, IN"
,642,"642 Lafayette, LA"
,643,"643 Lake Charles, LA"
,551,"551 Lansing, MI"
,749,"749 Laredo, TX"
,839,"839 Las Vegas, NV"
,541,"541 Lexington, KY"
,558,"558 Lima, OH"
,722,"722 Lincoln and Hastings-Kearney, NE"
,693,"693 Little Rock-Pine Bluff, AR"
,803,"803 Los Angeles, CA"
,529,"529 Louisville, KY"
,651,"651 Lubbock, TX"
,503,"503 Macon, GA"
,669,"669 Madison, WI"
,737,"737 Mankato, MN"
,553,"553 Marquette, MI"
,813,"813 Medford-Klamath Falls, OR"
,640,"640 Memphis, TN"
,711,"711 Meridian, MS"
,528,"528 Miami-Fort Lauderdale, FL"
,617,"617 Milwaukee, WI"
,613,"613 Minneapolis-St. Paul, MN"
,687,"687 Minot-Bismarck-Dickinson(Williston), ND"
,762,"762 Missoula, MT"
,686,"686 Mobile, AL-Pensacola (Ft. Walton Beach), FL"
,628,"628 Monroe, LA-El Dorado, AR"
,828,"828 Monterey-Salinas, CA"
,698,"698 Montgomery-Selma, AL"
,570,"570 Myrtle Beach-Florence, SC"
,659,"659 Nashville, TN"
,622,"622 New Orleans, LA"
,501,"501 New York, NY"
,544,"544 Norfolk-Portsmouth-Newport News, VA"
,740,"740 North Platte, NE"
,633,"633 Odessa-Midland, TX"
,650,"650 Oklahoma City, OK"
,652,"652 Omaha, NE"
,534,"534 Orlando-Daytona Beach-Melbourne, FL"
,631,"631 Ottumwa, IA-Kirksville, MO"
,632,"632 Paducah, KY-Cape Girardeau, MO-Harrisburg, IL"
,804,"804 Palm Springs, CA"
,656,"656 Panama City, FL"
,597,"597 Parkersburg, WV"
,675,"675 Peoria-Bloomington, IL"
,504,"504 Philadelphia, PA"
,753,"753 Phoenix, AZ"
,508,"508 Pittsburgh, PA"
,820,"820 Portland, OR"
,500,"500 Portland-Auburn, ME"
,552,"552 Presque Isle, ME"
,521,"521 Providence, RI-New Bedford, MA"
,717,"717 Quincy, IL-Hannibal, MO-Keokuk, IA"
,560,"560 Raleigh-Durham (Fayetteville), NC"
,764,"764 Rapid City, SD"
,811,"811 Reno, NV"
,556,"556 Richmond-Petersburg, VA"
,573,"573 Roanoke-Lynchburg, VA"
,538,"538 Rochester, NY"
,611,"611 Rochester, MN-Mason City, IA-Austin, MN"
,610,"610 Rockford, IL"
,862,"862 Sacramento-Stockton-Modesto, CA"
,576,"576 Salisbury, MD"
,770,"770 Salt Lake City, UT"
,661,"661 San Angelo, TX"
,641,"641 San Antonio, TX"
,825,"825 San Diego, CA"
,807,"807 San Francisco-Oakland-San Jose, CA"
,855,"855 Santa Barbara-Santa Maria-San Luis Obispo, CA"
,507,"507 Savannah, GA"
,819,"819 Seattle-Tacoma, WA"
,657,"657 Sherman, TX-Ada, OK"
,612,"612 Shreveport, LA"
,624,"624 Sioux City, IA"
,725,"725 Sioux Falls (Mitchell), SD"
,588,"588 South Bend-Elkhart, IN"
,881,"881 Spokane, WA"
,619,"619 Springfield, MO"
,543,"543 Springfield-Holyoke, MA"
,638,"638 St. Joseph, MO"
,609,"609 St. Louis, MO"
,555,"555 Syracuse, NY"
,530,"530 Tallahassee, FL-Thomasville, GA"
,539,"539 Tampa-St. Petersburg (Sarasota), FL"
,581,"581 Terre Haute, IN"
,547,"547 Toledo, OH"
,605,"605 Topeka, KS"
,540,"540 Traverse City-Cadillac, MI"
,531,"531 Tri-Cities, TN-VA"
,789,"789 Tucson (Sierra Vista), AZ"
,671,"671 Tulsa, OK"
,760,"760 Twin Falls, ID"
,709,"709 Tyler-Longview(Lufkin and Nacogdoches), TX"
,526,"526 Utica, NY"
,626,"626 Victoria, TX"
,625,"625 Waco-Temple-Bryan, TX"
,511,"511 Washington, DC (Hagerstown, MD)"
,549,"549 Watertown, NY"
,705,"705 Wausau-Rhinelander, WI"
,548,"548 West Palm Beach-Ft. Pierce, FL"
,554,"554 Wheeling, WV-Steubenville, OH"
,627,"627 Wichita Falls, TX-Lawton, OK"
,678,"678 Wichita-Hutchinson, KS Plus"
,577,"577 Wilkes Barre-Scranton, PA"
,550,"550 Wilmington, NC"
,810,"810 Yakima-Pasco-Richland-Kennewick, WA"
,536,"536 Youngstown, OH"
,771,"771 Yuma, AZ-El Centro, CA"
,596,"596 Zanesville, OH"
,999,INVALID ZIPCODE OR API FAILURE
,,
[S5]: Which category includes your total annual household income before taxes in 2024?,,
Values: 1-10,,
,1,"Less than $30,000"
,2,"$30,000 - $49,999"
,3,"$50,000 - $74,999"
,4,"$75,000 - $99,999"
,5,"$100,000 - $124,999"
,6,"$125,000 - $149,999"
,7,"$150,000 - $174,999"
,8,"$175,000 - $199,999"
,9,"$200,000 or greater"
,10,Prefer not to answer
,,
[hIncome]: Hidden: Income Quota,,
Values: 1-2,,
,1,Under $75K
,2,$75K+
,,
[S6]: Are you of Hispanic or Latino origin?,,
Values: 1-2,,
,1,Yes
,2,No
,,
S6a: Which of the following best describes your family’s country or region of origin?,,
Values: 0-1,,
,0,Unchecked
,1,Checked
,[S6ar1],Mexico
,[S6ar2],Puerto Rico
,[S6ar3],Cuba
,[S6ar4],Dominican Republic
,[S6ar5],"Central America (e.g., El Salvador, Guatemala, Honduras)"
,[S6ar6],"South America (e.g., Colombia, Venezuela, Argentina)"
,[S6ar7],Spain
,[S6ar8],Other (please specify)
,,
[S6ar8oe]: Which of the following best describes your family’s country or region of origin? - Other (please specify),,
Open text response,,
,,
S7: What is your race?,,
Values: 0-1,,
,0,Unchecked
,1,Checked
,[S7r1],White or Caucasian
,[S7r2],"Black, African American, or Caribbean American"
,[S7r3],American Indian or Alaska Native
,[S7r4],Asian
,[S7r5],Pacific Islander
,[S7r6],Some other race
,,
[hRACE]: Hidden (S7):,,
Values: 1-7,,
,1,White only
,2,Black only
,3,American Indian or Alaska Native only
,4,Asian only
,5,Pacific Islander only
,6,Other only
,7,Two or more races
,,
"[S8]: How many alcoholic drinks, if any, have you consumed in the past week? For example, if you had 3 beers and 2 different cocktails, that would be 5 alcoholic drinks. Please provide an honest, best-estimate — we are trying to reach a range of different types of people for our survey and are not here to judge anyone.",,
Values: 0-100,,
,,
"S9: Of the [pipe: S8] alcoholic drinks you had in the past week, where did you drink them? Feel free to add multiple drinks for one location — your best guess is fine.",,
Values: 0-100,,
,[S9r1],At your home
,[S9r2],At someone else's home
,[S9r3],At work/office
,[S9r4],At college/university dorm or apartment
,[S9r5],"At a casual dining restaurant (e.g. Applebee's, Chili's)"
,[S9r6],"At a upscale casual dining restaurant (e.g. Hillstone, Seasons 52, North Italia)"
,[S9r7],"At a fine dining restaurant (e.g. Mastro's, Capital Grille, Nick & Sam's)"
,[S9r8],"At a local sports bar or pub (e.g. Irish pub, Dave & Buster's)"
,[S9r9],At a craft cocktail bar
,[S9r10],At a premium bar or upscale lounge
,[S9r11],At a nightclub
,[S9r12],At a hotel or motel
,[S9r13],"At a recreation or entertainment venue (e.g. country club, casino, private club)"
,[S9r14],"At a concession stand or festival (e.g. stadium, live music event, food festival)"
,[S9r15],"At an outdoor gathering (e.g., BBQ, picnic, tailgate)"
,[S9r16],At airport or other transit location
,[S9r99],Other (specify)
,,
"[S9r99oe]: Of the [pipe: S8] alcoholic drinks you had in the past week, where did you drink them? Feel free to add multiple drinks for one location — your best guess is fine. - Other (specify)",,
Open text response,,
,,
hLOCATIONS: HIDDEN: LOCATIONS,,
Values: 0-1,,
,0,Unchecked
,1,Checked
,[hLOCATIONSr1],HOME
,[hLOCATIONSr2],RESTAURANT
,[hLOCATIONSr3],BAR
,[hLOCATIONSr4],HOTEL/MOTEL
,[hLOCATIONSr5],RECREATION/ENTERTAINMENT
,[hLOCATIONSr6],CONCESSIONAIRE
,[hLOCATIONSr7],OTHER
,,
dLOCATION: Hidden: dLOCATION,,
Values: 0-1,,
,0,Unchecked
,1,Checked
,[dLOCATIONr1],At your home
,[dLOCATIONr2],At someone else's home
,[dLOCATIONr3],At work/office
,[dLOCATIONr4],At college/university dorm or apartment
,[dLOCATIONr5],"At a casual dining restaurant (e.g. Applebee's, Chili's)"
,[dLOCATIONr6],"At a upscale casual dining restaurant (e.g. Hillstone, Seasons 52, North Italia)"
,[dLOCATIONr7],"At a fine dining restaurant (e.g. Mastro's, Capital Grille, Nick & Sam's)"
,[dLOCATIONr8],"At a local sports bar or pub (e.g. Irish pub, Dave & Buster's)"
,[dLOCATIONr9],At a craft cocktail bar
,[dLOCATIONr10],At a premium bar or upscale lounge
,[dLOCATIONr11],At a nightclub
,[dLOCATIONr12],At a hotel or motel
,[dLOCATIONr13],"At a recreation or entertainment venue (e.g. country club, casino, private club)"
,[dLOCATIONr14],"At a concession stand or festival (e.g. stadium, live music event, food festival)"
,[dLOCATIONr15],"At an outdoor gathering (e.g., BBQ, picnic, tailgate)"
,[dLOCATIONr16],At airport or other transit location
,[dLOCATIONr99],$ {S9.r99.open}
,,
hLOCATION: Hidden: hLOCATION - RANDOMLY ASSIGN RESPONDENTS FOR THE LOCATIONS (LEFT-SIDE) S9_1 THROUGH S9_16. ENSURE A SINGLE RESPONDENT IS ASSIGNED DISTINCT LOCATIONS.,,
Values: 0-1,,
,0,Unchecked
,1,Checked
,[hLOCATIONr1],at your home
,[hLOCATIONr2],at someone else's home
,[hLOCATIONr3],at work/office
,[hLOCATIONr4],at college/university dorm or apartment
,[hLOCATIONr5],"at a casual dining restaurant (e.g. Applebee's, Chili's)"
,[hLOCATIONr6],"at a upscale casual dining restaurant (e.g. Hillstone, Seasons 52, North Italia)"
,[hLOCATIONr7],"at a fine dining restaurant (e.g. Mastro's, Capital Grille, Nick & Sam's)"
,[hLOCATIONr8],"at a local sports bar or pub (e.g. Irish pub, Dave & Buster's)"
,[hLOCATIONr9],at a craft cocktail bar
,[hLOCATIONr10],at a premium bar or upscale lounge
,[hLOCATIONr11],at a nightclub
,[hLOCATIONr12],at a hotel or motel
,[hLOCATIONr13],"at a recreation or entertainment venue (e.g. country club, casino, private club)"
,[hLOCATIONr14],"at a concession stand or festival (e.g. stadium, live music event, food festival)"
,[hLOCATIONr15],"at an outdoor gathering (e.g., BBQ, picnic, tailgate)"
,[hLOCATIONr16],at airport or other transit location
,[hLOCATIONr99],$ {S9.r99.open}
,,
[hLOCATION1]: Hidden: hLOCATION1 - RANDOMLY ASSIGN RESPONDENTS FOR THE LOCATIONS (LEFT-SIDE) S9_1 THROUGH S9_16. ENSURE A SINGLE RESPONDENT IS ASSIGNED DISTINCT LOCATIONS.,,
Values: 1-99,,
,1,At your home
,2,At someone else's home
,3,At work/office
,4,At college/university dorm or apartment
,5,"At a casual dining restaurant (e.g. Applebee's, Chili's)"
,6,"At a upscale casual dining restaurant (e.g. Hillstone, Seasons 52, North Italia)"
,7,"At a fine dining restaurant (e.g. Mastro's, Capital Grille, Nick & Sam's)"
,8,"At a local sports bar or pub (e.g. Irish pub, Dave & Buster's)"
,9,At a craft cocktail bar
,10,At a premium bar or upscale lounge
,11,At a nightclub
,12,At a hotel or motel
,13,"At a recreation or entertainment venue (e.g. country club, casino, private club)"
,14,"At a concession stand or festival (e.g. stadium, live music event, food festival)"
,15,"At an outdoor gathering (e.g., BBQ, picnic, tailgate)"
,16,At airport or other transit location
,99,$ {S9.r99.open}
,,
[hLOCATION2]: Hidden: hLOCATION2 - RANDOMLY ASSIGN RESPONDENTS FOR THE LOCATIONS (LEFT-SIDE) S9_1 THROUGH S9_16. ENSURE A SINGLE RESPONDENT IS ASSIGNED DISTINCT LOCATIONS.,,
Values: 1-99,,
,1,At your home
,2,At someone else's home
,3,At work/office
,4,At college/university dorm or apartment
,5,"At a casual dining restaurant (e.g. Applebee's, Chili's)"
,6,"At a upscale casual dining restaurant (e.g. Hillstone, Seasons 52, North Italia)"
,7,"At a fine dining restaurant (e.g. Mastro's, Capital Grille, Nick & Sam's)"
,8,"At a local sports bar or pub (e.g. Irish pub, Dave & Buster's)"
,9,At a craft cocktail bar
,10,At a premium bar or upscale lounge
,11,At a nightclub
,12,At a hotel or motel
,13,"At a recreation or entertainment venue (e.g. country club, casino, private club)"
,14,"At a concession stand or festival (e.g. stadium, live music event, food festival)"
,15,"At an outdoor gathering (e.g., BBQ, picnic, tailgate)"
,16,At airport or other transit location
,99,$ {S9.r99.open}
,,
LOCATION1: LOCATION1 text/value,,
Open text response,,
,[LOCATION1r1],LOCATION1 text
,[LOCATION1r2],LOCATION1 value
,,
LOCATION2: LOCATION2 text/value,,
Open text response,,
,[LOCATION2r1],LOCATION2 text
,[LOCATION2r2],LOCATION2 value
,,
[hPREMISE1]: Hidden: hPREMISE1,,
Values: 1-2,,
,1,ON-PREMISE
,2,OFF-PREMISE
,,
[hPREMISE2]: Hidden: hPREMISE2,,
Values: 1-2,,
,1,ON-PREMISE
,2,OFF-PREMISE
,,
[S10a]: Which best describes the reason for having a drink in the past week?,,
Values: 1-8,,
,1,A way to feel closer to others and strengthen bonds
,2,A way to demonstrate that you have good taste
,3,A chance to try something new
,4,A way to celebrate or mark a moment / achievement
,5,A source of indulgence
,6,An escape from stress or routine
,7,A way to keep the night going
,8,"A way to honor customs, rituals, or family traditions"
,,
[hS10a]: HIDDEN: hS10a,,
Values: 1-8,,
,1,Connection/Belonging
,2,Status/Image
,3,Exploration/Discovery
,4,Celebration
,5,Indulgence
,6,Escape/Relief
,7,Performance
,8,Tradition
,,
"[S10b]: You said your reason for having a drink in the past week was best described as [pipe: S10a lower]. More specifically, what best describes that moment?",,
Values: 1-107,,
,1,A drink to bring everyone together at the start of the night
,2,Something to sip while catching up with friends
,3,A drink that feels appropriate for the situation at a social gathering
,4,A go-to choice for reconnecting with someone after time apart
,6,A drink that makes me feel confident and put-together in social settings
,7,Something that looks elevated or premium when served
,8,A drink that feels on-trend or buzzworthy
,9,A drink I'd be proud to post or share on social media
,11,A drink I've never tried before that sparks curiosity
,12,"Something with a surprising twist—flavor, format, or origin"
,13,A limited-edition or seasonal release I want to experience before it's gone
,14,A drink that transports me somewhere new—culturally or emotionally
,16,A drink to toast a personal win or milestone
,17,Something festive to share when good news hits
,19,A way to make an ordinary day or night feel a little more special
,21,A drink I reach for when I just want what I want
,24,"A drink that feels rich, extra, or over-the-top—in the best way"
,40,A drink that feels like I'm treating myself
,26,A drink to help me unwind after a long or stressful day
,27,Something I reach for when I need a mental reset
,28,A drink that helps me slow down and be present
,29,A go-to when I want to escape the usual and feel transported
,31,A drink that helps me feel confident and socially on-point for a night out
,32,Something I choose when I want to bring my A-game to socialize
,34,A go-to when I want to stay in control and keep the night flowing smoothly
,36,A drink that's always part of our holiday or seasonal celebrations
,37,Something I serve because it's what we've always had at family gatherings
,38,A drink that helps keep a cultural or regional tradition alive
,39,Something I choose because it reminds me of home or loved ones
,100,Other (Specify:)
,101,Other (Specify:)
,102,Other (Specify:)
,103,Other (Specify:)
,104,Other (Specify:)
,105,Other (Specify:)
,106,Other (Specify:)
,107,Other (Specify:)
,,
"S10boe: You said your reason for having a drink in the past week was best described as [pipe: S10a lower]. More specifically, what best describes that moment?",,
Open text response,,
,[S10br100oe],Other (Specify:)
,[S10br101oe],Other (Specify:)
,[S10br102oe],Other (Specify:)
,[S10br103oe],Other (Specify:)
,[S10br104oe],Other (Specify:)
,[S10br105oe],Other (Specify:)
,[S10br106oe],Other (Specify:)
,[S10br107oe],Other (Specify:)
,,
[hS10b]: HIDDEN: hS10b,,
Values: 1-40,,
,1,Friend Family Bonding
,2,Close Friend Connection
,3,Fitting In
,4,Reconnection
,6,Confidence Builder
,7,Elevated Look
,8,Trend worthy
,9,Shareable on Socials
,11,Sparks Curiosity
,12,Something Unique
,13,Limited Edition
,14,Full Embodiment
,16,Personal Toast
,17,Good News
,19,Elevate the everyday
,21,Just Because
,24,Over the Top
,40,Personal treat
,26,Unwinding
,27,Mental Reset
,28,Being Present
,29,Escapism
,36,Good Ole
,37,Family Tradition
,38,Cultural Tradition
,39,Homesick Cure
,,
[S10c]: What type of drink did you have ?,,
Values: 1-5,,
,1,Beer
,2,Wine
,3,Canned cocktails / Ready-to-drink (RTD) cocktails / Hard seltzers
,4,"Liquor (mixed drink, neat, on the rocks, etc.)"
,5,Other (please specify)
,,
[S10cr5oe]: What type of drink did you have ? - Other (please specify),,
Open text response,,
,,
[pipe_S11_Intro_Pipe]: Pipe S11_Intro_Pipe,,
Values: 1-2,,
,1,"Given you had $ {LOCATION2.r2.val} drinks $ {LOCATION2.r1.val} in the past week, for the following questions, think about the first one you had at that location."
,2,
,,
"[pipe_S11_Intro_Pipec1oe]: Pipe S11_Intro_Pipe - Given you had $ {LOCATION2.r2.val} drinks $ {LOCATION2.r1.val} in the past week, for the following questions, think about the first one you had at that location.",,
Open text response,,
,,
[S11a]: Which best describes the reason for having a drink in the past week?,,
Values: 1-8,,
,1,A way to feel closer to others and strengthen bonds
,2,A way to demonstrate that you have good taste
,3,A chance to try something new
,4,A way to celebrate or mark a moment / achievement
,5,A source of indulgence
,6,An escape from stress or routine
,7,A way to keep the night going
,8,"A way to honor customs, rituals, or family traditions"
,,
[hS11a]: HIDDEN: hS10a,,
Values: 1-8,,
,1,Connection/Belonging
,2,Status/Image
,3,Exploration/Discovery
,4,Celebration
,5,Indulgence
,6,Escape/Relief
,7,Performance
,8,Tradition
,,
"[S11b]: You said your reason for having a drink in the past week was primarily described as [pipe: S11a lower]. More specifically, how would you describe that moment?",,
Values: 1-107,,
,1,A drink to bring everyone together at the start of the night
,2,Something to sip while catching up with friends
,3,A drink that feels appropriate for the situation at a social gathering
,4,A go-to choice for reconnecting with someone after time apart
,6,A drink that makes me feel confident and put-together in social settings
,7,Something that looks elevated or premium when served
,8,A drink that feels on-trend or buzzworthy
,9,A drink I'd be proud to post or share on social media
,11,A drink I've never tried before that sparks curiosity
,12,"Something with a surprising twist—flavor, format, or origin"
,13,A limited-edition or seasonal release I want to experience before it's gone
,14,A drink that transports me somewhere new—culturally or emotionally
,16,A drink to toast a personal win or milestone
,17,Something festive to share when good news hits
,19,A way to make an ordinary day or night feel a little more special
,21,A drink I reach for when I just want what I want
,24,"A drink that feels rich, extra, or over-the-top—in the best way"
,40,A drink that feels like I'm treating myself
,26,A drink to help me unwind after a long or stressful day
,27,Something I reach for when I need a mental reset
,28,A drink that helps me slow down and be present
,29,A go-to when I want to escape the usual and feel transported
,31,A drink that helps me feel confident and socially on-point for a night out
,32,Something I choose when I want to bring my A-game to socialize
,34,A go-to when I want to stay in control and keep the night flowing smoothly
,36,A drink that's always part of our holiday or seasonal celebrations
,37,Something I serve because it's what we've always had at family gatherings
,38,A drink that helps keep a cultural or regional tradition alive
,39,Something I choose because it reminds me of home or loved ones
,100,Other (Specify:)
,101,Other (Specify:)
,102,Other (Specify:)
,103,Other (Specify:)
,104,Other (Specify:)
,105,Other (Specify:)
,106,Other (Specify:)
,107,Other (Specify:)
,,
"S11boe: You said your reason for having a drink in the past week was primarily described as [pipe: S11a lower]. More specifically, how would you describe that moment?",,
Open text response,,
,[S11br100oe],Other (Specify:)
,[S11br101oe],Other (Specify:)
,[S11br102oe],Other (Specify:)
,[S11br103oe],Other (Specify:)
,[S11br104oe],Other (Specify:)
,[S11br105oe],Other (Specify:)
,[S11br106oe],Other (Specify:)
,[S11br107oe],Other (Specify:)
,,
[hS11b]: HIDDEN: hS11b,,
Values: 1-40,,
,1,Friend Family Bonding
,2,Close Friend Connection
,3,Fitting In
,4,Reconnection
,6,Confidence Builder
,7,Elevated Look
,8,Trend worthy
,9,Shareable on Socials
,11,Sparks Curiosity
,12,Something Unique
,13,Limited Edition
,14,Full Embodiment
,16,Personal Toast
,17,Good News
,19,Elevate the everyday
,21,Just Because
,24,Over the Top
,40,Personal treat
,26,Unwinding
,27,Mental Reset
,28,Being Present
,29,Escapism
,36,Good Ole
,37,Family Tradition
,38,Cultural Tradition
,39,Homesick Cure
,,
[S11c]: What type of drink did you have ?,,
Values: 1-5,,
,1,Beer
,2,Wine
,3,Canned cocktails / Ready-to-drink (RTD) cocktails / Hard seltzers
,4,"Liquor (mixed drink, neat, on the rocks, etc.)"
,5,Other (please specify)
,,
[S11cr5oe]: What type of drink did you have ? - Other (please specify),,
Open text response,,
,,
[pipe_A1_Intro1_Pipe]: Pipe A1_Intro1_Pipe,,
Values: 1-2,,
,1,"Like before, given you had $ {LOCATION1.r2.val} drinks at this location, please think about the first one you had."
,2,
,,
"[pipe_A1_Intro1_Pipec1oe]: Pipe A1_Intro1_Pipe - Like before, given you had $ {LOCATION1.r2.val} drinks at this location, please think about the first one you had.",,
Open text response,,
,,
[pipe_A1_Intro2_Pipe]: Pipe A1_Intro2_Pipe,,
Values: 1-2,,
,1,"Like before, given you had $ {LOCATION2.r2.val} drinks at this location, please think about the first one you had."
,2,
,,
"[pipe_A1_Intro2_Pipec1oe]: Pipe A1_Intro2_Pipe - Like before, given you had $ {LOCATION2.r2.val} drinks at this location, please think about the first one you had.",,
Open text response,,
,,
"[A1_1]: In a few words, please describe the occasion when you were having the drink. An example may be “After a long workday.” As a reminder, we’re asking about the drink .",,
Open text response,,
,,
"[A2_1]: What time of day did you have this drink? As a reminder, we’re asking about the drink .",,
Values: 1-7,,
,1,During Breakfast
,2,Between Breakfast and Lunch
,3,During Lunch
,4,Before dinner / happy hour
,5,During Dinner
,6,After Dinner
,7,Late Night
,,
"[A3_1]: Which day of the week was this drink? As a reminder, we’re asking about the drink .",,
Values: 1-7,,
,1,Monday
,2,Tuesday
,3,Wednesday
,4,Thursday
,5,Friday
,6,Saturday
,7,Sunday
,,
[hA3_1]: (Weekday vs. Weekend),,
Values: 1-2,,
,1,Weekday
,2,Weekend (Fri-)
,,
"[A4_1]: What type of drink did you have? As a reminder, we’re asking about the drink .",,
Values: 1-15,,
,1,Beer
,2,Cider
,3,Wine
,4,Sparkling Wine / Champagne
,5,"Hard Seltzer (e.g., White Claw, Truly)"
,6,"Ready-to-Drink Cocktail (e.g., High Noon, Cutwater, On The Rocks)"
,7,Vodka
,8,Whiskey / Bourbon
,9,Tequila / Mezcal
,10,Rum
,11,Gin
,12,Cordial
,13,Cognac
,14,Aperol
,15,Other type of liquor not listed (please specify)
,,
"[A4_1r15oe]: What type of drink did you have? As a reminder, we’re asking about the drink . - Other type of liquor not listed (please specify)",,
Open text response,,
,,
[hFLAG_A4_1]: Hidden: A4 FLAG,,
Values: 1-2,,
,1,FLAGGED
,2,NOT FLAGGED
,,
[hGROUP_1]: Hidden: hGROUP,,
Values: 1-3,,
,1,Beer
,2,Wine
,3,Liquor
,,
hCHANNEL_1: Hidden: hCHANNEL,,
Values: 0-1,,
,0,Unchecked
,1,Checked
,[hCHANNEL_1r1],Supermarket
,[hCHANNEL_1r2],Mass Merch/Supercenter
,[hCHANNEL_1r3],Convenience/Gas
,[hCHANNEL_1r4],Liquor/Package Store
,[hCHANNEL_1r5],E-commerce
,,
"[A5_1]: When you had the [pipe: A4_1], which of the following reflects the form of the drink? As a reminder, we’re asking about the drink .",,
Values: 1-3,,
,1,"By itself (neat, straight up, on the rocks, in a glass, etc.)"
,2,Within a cocktail
,3,Other
,,
"[A6_1]: Which of the following reflect why you drank [pipe: A4_1]? As a reminder, we’re asking about the drink .",,
Values: 1-5,,
,1,I always order this drink when at this location
,2,"After viewing the menu, I chose this drink"
,3,A friend/family member recommended I try this drink
,4,The bartender/waiter recommended I try this drink
,5,Other
,,
"A7_1: Did you consume any of the following products/substances at the same time as the [pipe: A4_1]? Note: Your answers to questions in this survey will not ever be traced back to you, so please give an honest answer. As a reminder, we’re asking about the drink .",,
Values: 0-1,,
,0,Unchecked
,1,Checked
,[A7_1r1],Cannabis / THC
,[A7_1r2],Nicotine
,[A7_1r3],"Magic Mushrooms (e.g., psilocybin)"
,[A7_1r4],Caffeine
,[A7_1r5],Other
,[A7_1r6],None of the above
,,
"[A8_1]: Was this drink planned or unplanned? As a reminder, we’re asking about the drink .",,
Values: 1-3,,
,1,"Planned to have a drink, and knew ahead of time what it was"
,2,"Planned to have a drink, but didn’t know what it was going to be"
,3,"Did not plan to have a drink, and decided in the moment"
,,
"A9_1: Who was with you when you had this drink? As a reminder, we’re asking about the drink .",,
Values: 0-1,,
,0,Unchecked
,1,Checked
,[A9_1r1],I was alone
,[A9_1r2],My spouse/partner
,[A9_1r3],My parents
,[A9_1r4],My child/children
,[A9_1r5],My friend(s)
,[A9_1r6],Other relatives
,[A9_1r7],Colleagues/co-workers
,,
"[A10_1]: Including yourself, how many people were with you when you had this drink? As a reminder, we’re asking about the drink .",,
Values: 2-30,,
,,
"[A11_1]: How satisfied were you with the drink you chose? As a reminder, we’re asking about the drink .",,
Values: 1-5,,
,1,1 Not At All Satisfied
,2,2
,3,3 Somewhat Satisfied
,4,4
,5,5 Extremely Satisfied
,,
"[A13_1]: What brand of [pipe: A4_1] did you have? As a reminder, we’re asking about the drink .",,
Values: 1-100,,
,1,Tito’s
,2,Smirnoff
,3,New Amsterdam
,4,Svedka
,5,Absolut
,6,Grey Goose
,7,Ketel One
,8,Platinum 7X
,9,Deep Eddy
,10,Skyy
,11,Crown Royal
,12,Jack Daniel’s
,13,Fireball
,14,Jim Beam
,15,Jameson
,16,Evan Williams
,17,Maker’s Mark
,18,Bulleit
,19,Wild Turkey
,20,Knob Creek
,21,Jose Cuervo
,22,Casamigos
,23,Don Julio
,24,1800
,25,Hornitos
,26,Espolòn
,27,Lunazul
,28,El Jimador
,29,Cazadores
,30,Milagro
,31,Bacardi
,32,Captain Morgan
,33,Malibu
,34,Admiral Nelson
,35,Kraken
,36,Sailor Jerry
,37,Goslings
,38,Flor de Caña
,39,Mt Gay
,40,Appleton Estate
,41,Tanqueray
,42,Bombay Sapphire
,43,Gordon’s
,44,New Amsterdam
,45,Beefeater
,46,Seagram’s
,47,Hendrick’s
,48,Aviation
,49,Roku
,50,Monkey 47
,51,Fireball
,52,Baileys
,53,Jägermeister
,54,DeKuyper
,55,RumChata
,56,Kahlúa
,57,Grand Marnier
,58,Southern Comfort
,59,Aperol
,60,Goldschläger
,61,Hennessy
,62,Rémy Martin
,63,Courvoisier
,64,D’Ussé
,65,Martell
,66,Camus
,67,Pierre Ferrand
,68,Hine
,69,Hardy
,70,Frapin
,98,Store brand
,99,Other (specify)
,100,Don't know
,,
"[A13_1r99oe]: What brand of [pipe: A4_1] did you have? As a reminder, we’re asking about the drink . - Other (specify)",,
Open text response,,
,,
"[A13a_1]: In addition to [pipe: A4_1], did you have any other drinks during at this location? As a reminder, we’re asking about the drink .",,
Values: 1-2,,
,1,"Yes, I had one or more drinks in addition to [pipe: A4_1]"
,2,"No, I only had [pipe: A4_1]"
,,
A13b_1: What other drinks did you have in addition to [pipe: A4_1]?,,
Values: 0-1,,
,0,Unchecked
,1,Checked
,[A13b_1r1],Beer
,[A13b_1r2],Wine
,[A13b_1r3],Canned cocktails / Ready-to-drink (RTD) cocktails
,[A13b_1r4],Liquor
,[A13b_1r5],Other (please specify)
,,
[A13b_1r5oe]: What other drinks did you have in addition to [pipe: A4_1]? - Other (please specify),,
Open text response,,
,,
"[A14a_1]: When you recently had a drink , which of the following best describes your role in the original purchase of [pipe: A4_1] for it?",,
Values: 1-4,,
,1,I went to the store/made the purchase myself
,2,Someone else went to the store/made the purchase for me
,3,Someone gave it to me as a gift
,4,Other (please specify)
,,
"[A14a_1r4oe]: When you recently had a drink , which of the following best describes your role in the original purchase of [pipe: A4_1] for it? - Other (please specify)",,
Open text response,,
,,
"[A14b_1]: Given you purchased the [pipe: A4_1] for the drink you recently had , where did you originally make the purchase?",,
Values: 1-13,,
,1,"Grocery Chain (e.g., Safeway or Kroger)"
,2,"Specialty Grocery Store (e.g., Whole Foods, Sprout’s or Trader Joe’s)"
,3,"Discount Grocery Store (e.g., ALDI, or Lidl)"
,4,"Ethnic Grocery Store (e.g., Supermercado Latino)"
,5,"Superstore / Mass Merchandiser (e.g., Meijer, Target or Walmart)"
,6,"Warehouse Club (e.g., BJ’s, Costco, or Sam’s Club)"
,7,"Dollar Store (e.g., Dollar General, Dollar Tree or Family Dollar)"
,8,"Drug Store (e.g., CVS, Rite Aid or Walgreens)"
,9,"Convenience Store / Gas Station (e.g., 7-Eleven, Wawa, QuikTrip or Circle K)"
,10,"Online Only Store (e.g., Amazon)"
,11,"Liquor / Package Store (e.g., local liquor store, BevMo, Total Wine, ABC Stores)"
,12,"Other Retail Store (e.g., corner store, bodega)"
,13,Other (specify)
,,
"[A14b_1r13oe]: Given you purchased the [pipe: A4_1] for the drink you recently had , where did you originally make the purchase? - Other (specify)",,
Open text response,,
,,
[hFLAG_A14b_1]: Hidden: A14b FLAG,,
Values: 1-2,,
,1,FLAGGED
,2,NOT FLAGGED
,,
"[hA14b_1]: Given you purchased the [pipe: A4_1] for the drink you recently had , where did you originally make the purchase?",,
Values: 1-13,,
,1,Grocery Chain
,2,Specialty Grocery Store
,3,Discount Grocery Store
,4,Ethnic Grocery Store
,5,Superstore / Mass Merchandiser
,6,Warehouse Club
,7,Dollar Store
,8,Drug Store
,9,Convenience Store / Gas Station
,10,Online Only Store
,11,Liquor / Package Store
,12,Other Retail Store
,13,$ {A14b_1.r13.open}
,,
[A15_1]: What size was the bottle of vodka you purchased at [pipe: hA14b_1]?,,
Values: 1-6,,
,1,Miniature (50 ml)
,2,Small bottle (200 or 375 ml)
,3,Standard bottle (750 ml)
,4,Liter bottle (1 L)
,5,Handle (1.75 L)
,6,Other
,,
A16_1: Which of the following describe why you decided to purchase [pipe: A4_1]?,,
Values: 0-1,,
,0,Unchecked
,1,Checked
,[A16_1r1],I needed to stock up on/refill my alcohol supply
,[A16_1r2],"While shopping for groceries, I decided to pick up alcohol"
,[A16_1r3],I wanted to browse the place’s alcohol selection and ended up purchasing
,[A16_1r4],I wanted to add a new bottle to my at-home bar
,[A16_1r5],"I needed it for a specific gathering, party, or event"
,[A16_1r6],I saw it on social media and wanted to try
,[A16_1r7],Someone told me I needed to try it
,[A16_1r8],I bought it to make a specific cocktail
,[A16_1r9],I thought my visiting family/friends would enjoy it
,[A16_1r10],Other (please specify)
,,
[A16_1r10oe]: Which of the following describe why you decided to purchase [pipe: A4_1]? - Other (please specify),,
Open text response,,
,,
A17_1: Earlier you said you purchased [pipe: A4_1] from [pipe: hA14b_1]. Why did you purchase it there?,,
Values: 0-1,,
,0,Unchecked
,1,Checked
,[A17_1r1],It’s convenient/close to home or work
,[A17_1r2],It offers the best prices or promotions
,[A17_1r3],It has the best selection/variety
,[A17_1r4],"It’s where I do my regular shopping (groceries, errands, etc.)"
,[A17_1r5],It was the only store open/available at the time
,[A17_1r6],It’s my go to place to purchase alcohol
,[A17_1r7],It was my only option due to state or local laws
,[A17_1r8],It was the only place I could by this type of drink
,[A17_1r9],Other (specify)
,,
[A17_1r9oe]: Earlier you said you purchased [pipe: A4_1] from [pipe: hA14b_1]. Why did you purchase it there? - Other (specify),,
Open text response,,
,,
[A18_1]: Which of the following best describes why you chose to buy [pipe: A4_1] instead of another type of alcohol?,,
Values: 1-8,,
,1,I needed it for a specific cocktail or recipe
,2,It’s my usual go-to type of alcohol
,3,It was the best fit for the occasion or event
,4,I prefer the taste of [pipe: A4_1]
,5,It was on sale or had a special promotion
,6,It was recommended to me
,7,I needed to refill my current supply/stock
,8,Other (please specify)
,,
[A18_1r8oe]: Which of the following best describes why you chose to buy [pipe: A4_1] instead of another type of alcohol? - Other (please specify),,
Open text response,,
,,
"A19_1: When you purchased the [pipe: A4_1], which of the following describes why you chose [pipe: A19_1_pipe]?",,
Values: 0-1,,
,0,Unchecked
,1,Checked
,[A19_1r1],It’s the brand I always get
,[A19_1r2],It was the best price for the quality I wanted
,[A19_1r3],It was the cheapest
,[A19_1r4],"I liked the packaging (e.g., cool design, attractive colors)"
,[A19_1r5],"The store had it on display (e.g., on an end cap, on a separate table)"
,[A19_1r6],It had a special promotion/discount
,[A19_1r7],It was the first one I saw
,[A19_1r8],I liked the product description on the packaging
,[A19_1r9],The store had a note describing the flavor and/or their recommendations for ways to drink it
,[A19_1r10],It was recommended to me by a store associate
,[A19_1r11],Other (please specify)
,[A19_1r12],None of the above
,,
"[A19_1r11oe]: When you purchased the [pipe: A4_1], which of the following describes why you chose [pipe: A19_1_pipe]? - Other (please specify)",,
Open text response,,
,,
"[A1_2]: In a few words, please describe the occasion when you were having the drink. An example may be “After a long workday.” As a reminder, we’re asking about the drink .",,
Open text response,,
,,
"[A2_2]: What time of day did you have this drink? As a reminder, we’re asking about the drink .",,
Values: 1-7,,
,1,During Breakfast
,2,Between Breakfast and Lunch
,3,During Lunch
,4,Before dinner / happy hour
,5,During Dinner
,6,After Dinner
,7,Late Night
,,
"[A3_2]: Which day of the week was this drink? As a reminder, we’re asking about the drink .",,
Values: 1-7,,
,1,Monday
,2,Tuesday
,3,Wednesday
,4,Thursday
,5,Friday
,6,Saturday
,7,Sunday
,,
[hA3_2]: (Weekday vs. Weekend),,
Values: 1-2,,
,1,Weekday
,2,Weekend (Fri-)
,,
"[A4_2]: What type of drink did you have? As a reminder, we’re asking about the drink .",,
Values: 1-15,,
,1,Beer
,2,Cider
,3,Wine
,4,Sparkling Wine / Champagne
,5,"Hard Seltzer (e.g., White Claw, Truly)"
,6,"Ready-to-Drink Cocktail (e.g., High Noon, Cutwater, On The Rocks)"
,7,Vodka
,8,Whiskey / Bourbon
,9,Tequila / Mezcal
,10,Rum
,11,Gin
,12,Cordial
,13,Cognac
,14,Aperol
,15,Other type of liquor not listed (please specify)
,,
"[A4_2r15oe]: What type of drink did you have? As a reminder, we’re asking about the drink . - Other type of liquor not listed (please specify)",,
Open text response,,
,,
[hFLAG_A4_2]: Hidden: A4 FLAG,,
Values: 1-2,,
,1,FLAGGED
,2,NOT FLAGGED
,,
[hGROUP_2]: Hidden: hGROUP,,
Values: 1-3,,
,1,Beer
,2,Wine
,3,Liquor
,,
hCHANNEL_2: Hidden: hCHANNEL,,
Values: 0-1,,
,0,Unchecked
,1,Checked
,[hCHANNEL_2r1],Supermarket
,[hCHANNEL_2r2],Mass Merch/Supercenter
,[hCHANNEL_2r3],Convenience/Gas
,[hCHANNEL_2r4],Liquor/Package Store
,[hCHANNEL_2r5],E-commerce
,,
"[A5_2]: When you had the [pipe: A4_2], which of the following reflects the form of the drink? As a reminder, we’re asking about the drink .",,
Values: 1-3,,
,1,"By itself (neat, straight up, on the rocks, in a glass, etc.)"
,2,Within a cocktail
,3,Other
,,
"[A6_2]: Which of the following reflect why you drank [pipe: A4_2]? As a reminder, we’re asking about the drink .",,
Values: 1-5,,
,1,I always order this drink when at this location
,2,"After viewing the menu, I chose this drink"
,3,A friend/family member recommended I try this drink
,4,The bartender/waiter recommended I try this drink
,5,Other
,,
"A7_2: Did you consume any of the following products/substances at the same time as the [pipe: A4_2]? Note: Your answers to questions in this survey will not ever be traced back to you, so please give an honest answer. As a reminder, we’re asking about the drink .",,
Values: 0-1,,
,0,Unchecked
,1,Checked
,[A7_2r1],Cannabis / THC
,[A7_2r2],Nicotine
,[A7_2r3],"Magic Mushrooms (e.g., psilocybin)"
,[A7_2r4],Caffeine
,[A7_2r5],Other
,[A7_2r6],None of the above
,,
"[A8_2]: Was this drink planned or unplanned? As a reminder, we’re asking about the drink .",,
Values: 1-3,,
,1,"Planned to have a drink, and knew ahead of time what it was"
,2,"Planned to have a drink, but didn’t know what it was going to be"
,3,"Did not plan to have a drink, and decided in the moment"
,,
"A9_2: Who was with you when you had this drink? As a reminder, we’re asking about the drink .",,
Values: 0-1,,
,0,Unchecked
,1,Checked
,[A9_2r1],I was alone
,[A9_2r2],My spouse/partner
,[A9_2r3],My parents
,[A9_2r4],My child/children
,[A9_2r5],My friend(s)
,[A9_2r6],Other relatives
,[A9_2r7],Colleagues/co-workers
,,
"[A10_2]: Including yourself, how many people were with you when you had this drink? As a reminder, we’re asking about the drink .",,
Values: 2-30,,
,,
"[A11_2]: How satisfied were you with the drink you chose? As a reminder, we’re asking about the drink .",,
Values: 1-5,,
,1,1 Not At All Satisfied
,2,2
,3,3 Somewhat Satisfied
,4,4
,5,5 Extremely Satisfied
,,
"[A13_2]: What brand of [pipe: A4_2] did you have? As a reminder, we’re asking about the drink .",,
Values: 1-100,,
,1,Tito’s
,2,Smirnoff
,3,New Amsterdam
,4,Svedka
,5,Absolut
,6,Grey Goose
,7,Ketel One
,8,Platinum 7X
,9,Deep Eddy
,10,Skyy
,11,Crown Royal
,12,Jack Daniel’s
,13,Fireball
,14,Jim Beam
,15,Jameson
,16,Evan Williams
,17,Maker’s Mark
,18,Bulleit
,19,Wild Turkey
,20,Knob Creek
,21,Jose Cuervo
,22,Casamigos
,23,Don Julio
,24,1800
,25,Hornitos
,26,Espolòn
,27,Lunazul
,28,El Jimador
,29,Cazadores
,30,Milagro
,31,Bacardi
,32,Captain Morgan
,33,Malibu
,34,Admiral Nelson
,35,Kraken
,36,Sailor Jerry
,37,Goslings
,38,Flor de Caña
,39,Mt Gay
,40,Appleton Estate
,41,Tanqueray
,42,Bombay Sapphire
,43,Gordon’s
,44,New Amsterdam
,45,Beefeater
,46,Seagram’s
,47,Hendrick’s
,48,Aviation
,49,Roku
,50,Monkey 47
,51,Fireball
,52,Baileys
,53,Jägermeister
,54,DeKuyper
,55,RumChata
,56,Kahlúa
,57,Grand Marnier
,58,Southern Comfort
,59,Aperol
,60,Goldschläger
,61,Hennessy
,62,Rémy Martin
,63,Courvoisier
,64,D’Ussé
,65,Martell
,66,Camus
,67,Pierre Ferrand
,68,Hine
,69,Hardy
,70,Frapin
,98,Store brand
,99,Other (specify)
,100,Don't know
,,
"[A13_2r99oe]: What brand of [pipe: A4_2] did you have? As a reminder, we’re asking about the drink . - Other (specify)",,
Open text response,,
,,
"[A13a_2]: In addition to [pipe: A4_2], did you have any other drinks during at this location? As a reminder, we’re asking about the drink .",,
Values: 1-2,,
,1,"Yes, I had one or more drinks in addition to [pipe: A4_2]"
,2,"No, I only had [pipe: A4_2]"
,,
A13b_2: What other drinks did you have in addition to [pipe: A4_2]?,,
Values: 0-1,,
,0,Unchecked
,1,Checked
,[A13b_2r1],Beer
,[A13b_2r2],Wine
,[A13b_2r3],Canned cocktails / Ready-to-drink (RTD) cocktails
,[A13b_2r4],Liquor
,[A13b_2r5],Other (please specify)
,,
[A13b_2r5oe]: What other drinks did you have in addition to [pipe: A4_2]? - Other (please specify),,
Open text response,,
,,
"[A14a_2]: When you recently had a drink , which of the following best describes your role in the original purchase of [pipe: A4_2] for it?",,
Values: 1-4,,
,1,I went to the store/made the purchase myself
,2,Someone else went to the store/made the purchase for me
,3,Someone gave it to me as a gift
,4,Other (please specify)
,,
"[A14a_2r4oe]: When you recently had a drink , which of the following best describes your role in the original purchase of [pipe: A4_2] for it? - Other (please specify)",,
Open text response,,
,,
"[A14b_2]: Given you purchased the [pipe: A4_2] for the drink you recently had , where did you originally make the purchase?",,
Values: 1-13,,
,1,"Grocery Chain (e.g., Safeway or Kroger)"
,2,"Specialty Grocery Store (e.g., Whole Foods, Sprout’s or Trader Joe’s)"
,3,"Discount Grocery Store (e.g., ALDI, or Lidl)"
,4,"Ethnic Grocery Store (e.g., Supermercado Latino)"
,5,"Superstore / Mass Merchandiser (e.g., Meijer, Target or Walmart)"
,6,"Warehouse Club (e.g., BJ’s, Costco, or Sam’s Club)"
,7,"Dollar Store (e.g., Dollar General, Dollar Tree or Family Dollar)"
,8,"Drug Store (e.g., CVS, Rite Aid or Walgreens)"
,9,"Convenience Store / Gas Station (e.g., 7-Eleven, Wawa, QuikTrip or Circle K)"
,10,"Online Only Store (e.g., Amazon)"
,11,"Liquor / Package Store (e.g., local liquor store, BevMo, Total Wine, ABC Stores)"
,12,"Other Retail Store (e.g., corner store, bodega)"
,13,Other (specify)
,,
"[A14b_2r13oe]: Given you purchased the [pipe: A4_2] for the drink you recently had , where did you originally make the purchase? - Other (specify)",,
Open text response,,
,,
[hFLAG_A14b_2]: Hidden: A14b FLAG,,
Values: 1-2,,
,1,FLAGGED
,2,NOT FLAGGED
,,
"[hA14b_2]: Given you purchased the [pipe: A4_2] for the drink you recently had , where did you originally make the purchase?",,
Values: 1-13,,
,1,Grocery Chain
,2,Specialty Grocery Store
,3,Discount Grocery Store
,4,Ethnic Grocery Store
,5,Superstore / Mass Merchandiser
,6,Warehouse Club
,7,Dollar Store
,8,Drug Store
,9,Convenience Store / Gas Station
,10,Online Only Store
,11,Liquor / Package Store
,12,Other Retail Store
,13,$ {A14b_2.r13.open}
,,
[A15_2]: What size was the bottle of vodka you purchased at [pipe: hA14b_2]?,,
Values: 1-6,,
,1,Miniature (50 ml)
,2,Small bottle (200 or 375 ml)
,3,Standard bottle (750 ml)
,4,Liter bottle (1 L)
,5,Handle (1.75 L)
,6,Other
,,
A16_2: Which of the following describe why you decided to purchase [pipe: A4_2]?,,
Values: 0-1,,
,0,Unchecked
,1,Checked
,[A16_2r1],I needed to stock up on/refill my alcohol supply
,[A16_2r2],"While shopping for groceries, I decided to pick up alcohol"
,[A16_2r3],I wanted to browse the place’s alcohol selection and ended up purchasing
,[A16_2r4],I wanted to add a new bottle to my at-home bar
,[A16_2r5],"I needed it for a specific gathering, party, or event"
,[A16_2r6],I saw it on social media and wanted to try
,[A16_2r7],Someone told me I needed to try it
,[A16_2r8],I bought it to make a specific cocktail
,[A16_2r9],I thought my visiting family/friends would enjoy it
,[A16_2r10],Other (please specify)
,,
[A16_2r10oe]: Which of the following describe why you decided to purchase [pipe: A4_2]? - Other (please specify),,
Open text response,,
,,
A17_2: Earlier you said you purchased [pipe: A4_2] from [pipe: hA14b_2]. Why did you purchase it there?,,
Values: 0-1,,
,0,Unchecked
,1,Checked
,[A17_2r1],It’s convenient/close to home or work
,[A17_2r2],It offers the best prices or promotions
,[A17_2r3],It has the best selection/variety
,[A17_2r4],"It’s where I do my regular shopping (groceries, errands, etc.)"
,[A17_2r5],It was the only store open/available at the time
,[A17_2r6],It’s my go to place to purchase alcohol
,[A17_2r7],It was my only option due to state or local laws
,[A17_2r8],It was the only place I could by this type of drink
,[A17_2r9],Other (specify)
,,
[A17_2r9oe]: Earlier you said you purchased [pipe: A4_2] from [pipe: hA14b_2]. Why did you purchase it there? - Other (specify),,
Open text response,,
,,
[A18_2]: Which of the following best describes why you chose to buy [pipe: A4_2] instead of another type of alcohol?,,
Values: 1-8,,
,1,I needed it for a specific cocktail or recipe
,2,It’s my usual go-to type of alcohol
,3,It was the best fit for the occasion or event
,4,I prefer the taste of [pipe: A4_2]
,5,It was on sale or had a special promotion
,6,It was recommended to me
,7,I needed to refill my current supply/stock
,8,Other (please specify)
,,
[A18_2r8oe]: Which of the following best describes why you chose to buy [pipe: A4_2] instead of another type of alcohol? - Other (please specify),,
Open text response,,
,,
"A19_2: When you purchased the [pipe: A4_2], which of the following describes why you chose [pipe: A19_2_pipe]?",,
Values: 0-1,,
,0,Unchecked
,1,Checked
,[A19_2r1],It’s the brand I always get
,[A19_2r2],It was the best price for the quality I wanted
,[A19_2r3],It was the cheapest
,[A19_2r4],"I liked the packaging (e.g., cool design, attractive colors)"
,[A19_2r5],"The store had it on display (e.g., on an end cap, on a separate table)"
,[A19_2r6],It had a special promotion/discount
,[A19_2r7],It was the first one I saw
,[A19_2r8],I liked the product description on the packaging
,[A19_2r9],The store had a note describing the flavor and/or their recommendations for ways to drink it
,[A19_2r10],It was recommended to me by a store associate
,[A19_2r11],Other (please specify)
,[A19_2r12],None of the above
,,
"[A19_2r11oe]: When you purchased the [pipe: A4_2], which of the following describes why you chose [pipe: A19_2_pipe]? - Other (please specify)",,
Open text response,,
,,
"[A20]: Much earlier, you mentioned having alcoholic drinks in the past week. How does this compare to a typical week for you?",,
Values: 1-5,,
,1,I usually have much less than this
,2,I usually have somewhat less than this
,3,This was a very typical week for me
,4,I usually have somewhat more than this
,5,I usually have much more than this
,,
A21: Which of the following liquor/spirits brands are you aware of?,,
Values: 0-1,,
,0,Unchecked
,1,Checked
,[A21r1],Tito's Handmade Vodka
,[A21r2],Grey Goose
,[A21r3],Ketel One
,[A21r4],Maker's Mark
,[A21r5],Casamigos
,[A21r6],Don Julio
,[A21r7],None of the above
,,
A22r1: Premium - Which of the following brands do you associate with the following attribute?,,
Values: 0-1,,
,0,Unchecked
,1,Checked
,[A22r1c1],Tito's Handmade Vodka
,[A22r1c2],Grey Goose
,[A22r1c3],Ketel One
,[A22r1c4],Maker's Mark
,[A22r1c5],Casamigos
,[A22r1c6],Don Julio
,[A22r1c7],None of the above
,,
A22r2: Approachable - Which of the following brands do you associate with the following attribute?,,
Values: 0-1,,
,0,Unchecked
,1,Checked
,[A22r2c1],Tito's Handmade Vodka
,[A22r2c2],Grey Goose
,[A22r2c3],Ketel One
,[A22r2c4],Maker's Mark
,[A22r2c5],Casamigos
,[A22r2c6],Don Julio
,[A22r2c7],None of the above
,,
A22r3: Authentic - Which of the following brands do you associate with the following attribute?,,
Values: 0-1,,
,0,Unchecked
,1,Checked
,[A22r3c1],Tito's Handmade Vodka
,[A22r3c2],Grey Goose
,[A22r3c3],Ketel One
,[A22r3c4],Maker's Mark
,[A22r3c5],Casamigos
,[A22r3c6],Don Julio
,[A22r3c7],None of the above
,,
A22r4: Generous - Which of the following brands do you associate with the following attribute?,,
Values: 0-1,,
,0,Unchecked
,1,Checked
,[A22r4c1],Tito's Handmade Vodka
,[A22r4c2],Grey Goose
,[A22r4c3],Ketel One
,[A22r4c4],Maker's Mark
,[A22r4c5],Casamigos
,[A22r4c6],Don Julio
,[A22r4c7],None of the above
,,
A22r5: Edgy - Which of the following brands do you associate with the following attribute?,,
Values: 0-1,,
,0,Unchecked
,1,Checked
,[A22r5c1],Tito's Handmade Vodka
,[A22r5c2],Grey Goose
,[A22r5c3],Ketel One
,[A22r5c4],Maker's Mark
,[A22r5c5],Casamigos
,[A22r5c6],Don Julio
,[A22r5c7],None of the above
,,
A22r6: Independent - Which of the following brands do you associate with the following attribute?,,
Values: 0-1,,
,0,Unchecked
,1,Checked
,[A22r6c1],Tito's Handmade Vodka
,[A22r6c2],Grey Goose
,[A22r6c3],Ketel One
,[A22r6c4],Maker's Mark
,[A22r6c5],Casamigos
,[A22r6c6],Don Julio
,[A22r6c7],None of the above
,,
A22r7: Bold - Which of the following brands do you associate with the following attribute?,,
Values: 0-1,,
,0,Unchecked
,1,Checked
,[A22r7c1],Tito's Handmade Vodka
,[A22r7c2],Grey Goose
,[A22r7c3],Ketel One
,[A22r7c4],Maker's Mark
,[A22r7c5],Casamigos
,[A22r7c6],Don Julio
,[A22r7c7],None of the above
,,
A22r8: Reliable - Which of the following brands do you associate with the following attribute?,,
Values: 0-1,,
,0,Unchecked
,1,Checked
,[A22r8c1],Tito's Handmade Vodka
,[A22r8c2],Grey Goose
,[A22r8c3],Ketel One
,[A22r8c4],Maker's Mark
,[A22r8c5],Casamigos
,[A22r8c6],Don Julio
,[A22r8c7],None of the above
,,
A22r9: Down-to-Earth - Which of the following brands do you associate with the following attribute?,,
Values: 0-1,,
,0,Unchecked
,1,Checked
,[A22r9c1],Tito's Handmade Vodka
,[A22r9c2],Grey Goose
,[A22r9c3],Ketel One
,[A22r9c4],Maker's Mark
,[A22r9c5],Casamigos
,[A22r9c6],Don Julio
,[A22r9c7],None of the above
,,
A22r10: Sophisticated / Refined - Which of the following brands do you associate with the following attribute?,,
Values: 0-1,,
,0,Unchecked
,1,Checked
,[A22r10c1],Tito's Handmade Vodka
,[A22r10c2],Grey Goose
,[A22r10c3],Ketel One
,[A22r10c4],Maker's Mark
,[A22r10c5],Casamigos
,[A22r10c6],Don Julio
,[A22r10c7],None of the above
,,
A23: How likely are you to consider the following brands the next time you have a drink?,,
Values: 1-5,,
,1,Very Unlikely
,2,Unlikely
,3,Neither Likely nor Unlikely
,4,Likely
,5,Very Likely
,[A23r1],Tito's Handmade Vodka
,[A23r2],Grey Goose
,[A23r3],Ketel One
,[A23r4],Maker's Mark
,[A23r5],Casamigos
,[A23r6],Don Julio
,,
[C1]: Marital Status - Please indicate your current marital status or living arrangement.,,
Values: 1-6,,
,1,"Single, never married"
,2,Married/ domestic partnership / living with partner
,3,Widowed
,4,Divorced
,5,Separated
,6,Prefer not to answer
,,
[C2]: Education - What is the highest level of school you have completed?,,
Values: 1-6,,
,1,"Some high school or less, no diploma"
,2,High school graduate (or equivalency)
,3,Bachelor degree
,4,Master degree
,5,PhD
,6,Prefer not to answer
,,
C3: Employment - What is your current employment status?,,
Values: 0-1,,
,0,Unchecked
,1,Checked
,[C3r1],Full-time student
,[C3r2],Employed full-time
,[C3r3],Employed part-time
,[C3r4],Self-employed
,[C3r5],Full time homemaker
,[C3r6],"Out of work for 1 year or more, but not retired"
,[C3r7],"Out of work for less than 1 year, but not retired"
,[C3r8],Retired
,[C3r9],Unable to work
,[C3r10],Other
,[C3r11],Prefer not to answer
,,
[C4]: Urban - Which of the following best describes what type of environment your current living situation is in?,,
Values: 1-3,,
,1,Urban
,2,Suburban
,3,Rural
,,
pagetime: .,,
Values: -99999-999999,,
,[pagetimeINTRO],(INTRO) Comment element
,[pagetimeLOOP],"(LOOP,uuid_old,S1) Loop Version"
,[pagetimeS2],(S2) What is your age?
,[pagetimeS3],(S3) How would you describe your gender?
,[pagetimeQUSzip],(QUSzip) Please enter the 5-digit zip code for where you currently live.
,[pagetimeS5],(S5) Which category includes your total annual household income before taxes in 2024?
,[pagetimeS6],(S6) Are you of Hispanic or Latino origin?
,[pagetimeS6a],(S6a) Which of the following best describes your family’s country or region of origin?
,[pagetimeS7],(S7) What is your race?
,[pagetimeS8],"(S8) How many alcoholic drinks, if any, have you consumed in the past week? For example, if you had 3 beers and 2 different cocktails, that would be 5 alcoholic drinks. Please provide an honest, best-estimate — we are trying to reach a range of different types of people for our survey and are not here to judge anyone."
,[pagetimeS9],"(S9) Of the [pipe: S8] alcoholic drinks you had in the past week, where did you drink them? Feel free to add multiple drinks for one location — your best guess is fine."
,[pagetimeS10_Intro],(S10_Intro) Comment element
,[pagetimeS10a],(S10a) Which best describes the reason for having a drink $ {LOCATION1.r1.val} in the past week?
,[pagetimeS10b],"(S10b) You said your reason for having a drink $ {LOCATION1.r1.val} in the past week was best described as [pipe: S10a lower]. More specifically, what best describes that moment?"
,[pagetimeS10c],(S10c) What type of drink did you have $ {LOCATION1.r1.val}?
,[pagetimeS11_Intro],(S11_Intro) Comment element
,[pagetimeS11a],(S11a) Which best describes the reason for having a drink $ {LOCATION2.r1.val} in the past week?
,[pagetimeS11b],"(S11b) You said your reason for having a drink $ {LOCATION2.r1.val} in the past week was primarily described as [pipe: S11a lower]. More specifically, how would you describe that moment?"
,[pagetimeS11c],(S11c) What type of drink did you have $ {LOCATION2.r1.val}?
,[pagetimehQual_Text],(hQual_Text) Comment element
,[pagetimeA1_1_Intro1],"(A1_1_Intro1,A1_1_Intro2) Comment element"
,[pagetimeA1_1],"(A1_1) In a few words, please describe the occasion when you were having the drink. An example may be “After a long workday.” As a reminder, we’re asking about the drink $ {LOCATION1.r1.val}."
,[pagetimeA2_1],"(A2_1) What time of day did you have this drink? As a reminder, we’re asking about the drink $ {LOCATION1.r1.val}."
,[pagetimeA3_1],"(A3_1) Which day of the week was this drink? As a reminder, we’re asking about the drink $ {LOCATION1.r1.val}."
,[pagetimeA4_1],"(A4_1) What type of drink did you have? As a reminder, we’re asking about the drink $ {LOCATION1.r1.val}."
,[pagetimeA5_1],"(A5_1) When you had the [pipe: A4_1], which of the following reflects the form of the drink? As a reminder, we’re asking about the drink $ {LOCATION1.r1.val}."
,[pagetimeA6_1],"(A6_1) Which of the following reflect why you drank [pipe: A4_1]? As a reminder, we’re asking about the drink $ {LOCATION1.r1.val}."
,[pagetimeA7_1],"(A7_1) Did you consume any of the following products/substances at the same time as the [pipe: A4_1]? Note: Your answers to questions in this survey will not ever be traced back to you, so please give an honest answer. As a reminder, we’re asking about the drink $ {LOCATION1.r1.val}."
,[pagetimeA8_1],"(A8_1) Was this drink planned or unplanned? As a reminder, we’re asking about the drink $ {LOCATION1.r1.val}."
,[pagetimeA9_1],"(A9_1) Who was with you when you had this drink? As a reminder, we’re asking about the drink $ {LOCATION1.r1.val}."
,[pagetimeA10_1],"(A10_1) Including yourself, how many people were with you when you had this drink? As a reminder, we’re asking about the drink $ {LOCATION1.r1.val}."
,[pagetimeA11_1],"(A11_1) How satisfied were you with the drink you chose? As a reminder, we’re asking about the drink $ {LOCATION1.r1.val}."
,[pagetimeA13_1],"(A13_1) What brand of [pipe: A4_1] did you have? As a reminder, we’re asking about the drink $ {LOCATION1.r1.val}."
,[pagetimeA13a_1],"(A13a_1) In addition to [pipe: A4_1], did you have any other drinks during at this location? As a reminder, we’re asking about the drink $ {LOCATION1.r1.val}."
,[pagetimeA13b_1],(A13b_1) What other drinks did you have in addition to [pipe: A4_1]?
,[pagetimeA14a_1],"(A14a_1) When you recently had a drink $ {LOCATION1.r1.val}, which of the following best describes your role in the original purchase of [pipe: A4_1] for it?"
,[pagetimeA14b_1],"(A14b_1) Given you purchased the [pipe: A4_1] for the drink you recently had $ {LOCATION1.r1.val}, where did you originally make the purchase?"
,[pagetimeA15_1],(A15_1) What size was the bottle of vodka you purchased at [pipe: hA14b_1]?
,[pagetimeA16_1],(A16_1) Which of the following describe why you decided to purchase [pipe: A4_1]?
,[pagetimeA17_1],(A17_1) Earlier you said you purchased [pipe: A4_1] from [pipe: hA14b_1]. Why did you purchase it there?
,[pagetimeA18_1],(A18_1) Which of the following best describes why you chose to buy [pipe: A4_1] instead of another type of alcohol?
,[pagetimeA19_1],"(A19_1) When you purchased the [pipe: A4_1], which of the following describes why you chose [pipe: A19_1_pipe]?"
,[pagetimeA1_2_Intro1],"(A1_2_Intro1,A1_2_Intro2) Comment element"
,[pagetimeA1_2],"(A1_2) In a few words, please describe the occasion when you were having the drink. An example may be “After a long workday.” As a reminder, we’re asking about the drink $ {LOCATION2.r1.val}."
,[pagetimeA2_2],"(A2_2) What time of day did you have this drink? As a reminder, we’re asking about the drink $ {LOCATION2.r1.val}."
,[pagetimeA3_2],"(A3_2) Which day of the week was this drink? As a reminder, we’re asking about the drink $ {LOCATION2.r1.val}."
,[pagetimeA4_2],"(A4_2) What type of drink did you have? As a reminder, we’re asking about the drink $ {LOCATION2.r1.val}."
,[pagetimeA5_2],"(A5_2) When you had the [pipe: A4_2], which of the following reflects the form of the drink? As a reminder, we’re asking about the drink $ {LOCATION2.r1.val}."
,[pagetimeA6_2],"(A6_2) Which of the following reflect why you drank [pipe: A4_2]? As a reminder, we’re asking about the drink $ {LOCATION2.r1.val}."
,[pagetimeA7_2],"(A7_2) Did you consume any of the following products/substances at the same time as the [pipe: A4_2]? Note: Your answers to questions in this survey will not ever be traced back to you, so please give an honest answer. As a reminder, we’re asking about the drink $ {LOCATION2.r1.val}."
,[pagetimeA8_2],"(A8_2) Was this drink planned or unplanned? As a reminder, we’re asking about the drink $ {LOCATION2.r1.val}."
,[pagetimeA9_2],"(A9_2) Who was with you when you had this drink? As a reminder, we’re asking about the drink $ {LOCATION2.r1.val}."
,[pagetimeA10_2],"(A10_2) Including yourself, how many people were with you when you had this drink? As a reminder, we’re asking about the drink $ {LOCATION2.r1.val}."
,[pagetimeA11_2],"(A11_2) How satisfied were you with the drink you chose? As a reminder, we’re asking about the drink $ {LOCATION2.r1.val}."
,[pagetimeA13_2],"(A13_2) What brand of [pipe: A4_2] did you have? As a reminder, we’re asking about the drink $ {LOCATION2.r1.val}."
,[pagetimeA13a_2],"(A13a_2) In addition to [pipe: A4_2], did you have any other drinks during at this location? As a reminder, we’re asking about the drink $ {LOCATION2.r1.val}."
,[pagetimeA13b_2],(A13b_2) What other drinks did you have in addition to [pipe: A4_2]?
,[pagetimeA14a_2],"(A14a_2) When you recently had a drink $ {LOCATION2.r1.val}, which of the following best describes your role in the original purchase of [pipe: A4_2] for it?"
,[pagetimeA14b_2],"(A14b_2) Given you purchased the [pipe: A4_2] for the drink you recently had $ {LOCATION2.r1.val}, where did you originally make the purchase?"
,[pagetimeA15_2],(A15_2) What size was the bottle of vodka you purchased at [pipe: hA14b_2]?
,[pagetimeA16_2],(A16_2) Which of the following describe why you decided to purchase [pipe: A4_2]?
,[pagetimeA17_2],(A17_2) Earlier you said you purchased [pipe: A4_2] from [pipe: hA14b_2]. Why did you purchase it there?
,[pagetimeA18_2],(A18_2) Which of the following best describes why you chose to buy [pipe: A4_2] instead of another type of alcohol?
,[pagetimeA19_2],"(A19_2) When you purchased the [pipe: A4_2], which of the following describes why you chose [pipe: A19_2_pipe]?"
,[pagetimeA20],"(A20) Much earlier, you mentioned having $ {S8.ival} alcoholic drinks in the past week. How does this compare to a typical week for you?"
,[pagetimeA21],(A21) Which of the following liquor/spirits brands are you aware of?
,[pagetimeA22],(A22) Which of the following brands do you associate with the following attribute?
,[pagetimeA23],(A23) How likely are you to consider the following brands the next time you have a drink?
,[pagetimeSECTION_B_Intro],(SECTION_B_Intro) Comment element
,[pagetimeC1],(C1) Please indicate your current marital status or living arrangement.
,[pagetimeC2],"(C2) What is the highest level of school you have completed? (If still attending, check present grade.)"
,[pagetimeC3],(C3) What is your current employment status?
,[pagetimeC4],(C4) Which of the following best describes what type of environment your current living situation is in?
,[pagetimeTestScreen_SurveyEnd],(TestScreen_SurveyEnd) Comment element
,,
[hidSpeeder]: HIDDEN: Speeder,,
Values: 1-2,,
,1,Yes
,2,No
,,
[hidLaggard]: HIDDEN: Laggard,,
Values: 1-2,,
,1,Yes
,2,No
,,
[vlist]: Participant source,,
Values: 1-3,,
,1,Open Survey (list=0)
,2,TestSet Survey (list=1)
,3,Precision Sample Survey (list=2)
,,
[vrd]: vrd,,
Values: 1-1,,
,1,
,,
[qtime]: Total Interview Time,,
Values: -99999-999999,,
,,
[vdecLang]: language tracker,,
Values: 1-2,,
,1,English (USA)
,2,Spanish
,,
[vos]: Operating System,,
Values: 1-16,,
,1,Windows 95
,2,Windows 98
,3,Windows 8
,4,Windows 10
,5,Windows 7
,6,Windows Vista
,7,Windows 2003
,8,Windows XP
,9,Windows 2000
,10,Microsoft Windows NT 4.0
,11,Windows ME
,12,iPhone/iPad
,13,Mac OS X or older
,14,Other Mobile
,15,"Linux, UNIX"
,16,Other
,,
[vosr15oe]: Operating System - Other,,
Open text response,,
,,
[vbrowser]: Browser,,
Values: 1-16,,
,1,Opera
,2,MS Edge
,3,MSIE 11
,4,MSIE 10.x
,5,MSIE 9.x
,6,MSIE 8.x
,7,MSIE 7.x
,8,MSIE 6.x
,9,MSIE 5.x or older
,10,Chrome
,11,Safari
,12,Firefox
,13,Other Mozilla or Netscape
,14,Mobile
,15,Text Browser
,16,Other
,,
[vbrowserr15oe]: Browser - Other,,
Open text response,,
,,
[vmobiledevice]: Mobile device category,,
Values: 1-5,,
,1,Smartphone
,2,Featurephone
,3,Tablet
,4,Other mobile
,5,Desktop
,,
[vmobileos]: Mobile OS,,
Values: 1-6,,
,1,iOS
,2,Android
,3,Symbian
,4,Windows Phone
,5,Blackberry
,6,Other/Desktop
,,
[start_date]: Survey start time,,
Open text response,,
,,
[vdropout]: Last seen question,,
Values: 1-74,,
,1,(INTRO) Comment element
,2,"(LOOP,uuid_old,S1) Loop Version"
,3,(S2) What is your age?
,4,(S3) How would you describe your gender?
,5,(QUSzip) Please enter the 5-digit zip code for where you currently live.
,6,(S5) Which category includes your total annual household income before taxes in 2024?
,7,(S6) Are you of Hispanic or Latino origin?
,8,(S6a) Which of the following best describes your family’s country or region of origin?
,9,(S7) What is your race?
,10,"(S8) How many alcoholic drinks, if any, have you consumed in the past week? For example, if you had 3 beers and 2 different cocktails, that would be 5 alcoholic drinks. Please provide an honest, best-estimate — we are trying to reach a range of different types of people for our survey and are not here to judge anyone."
,11,"(S9) Of the [pipe: S8] alcoholic drinks you had in the past week, where did you drink them? Feel free to add multiple drinks for one location — your best guess is fine."
,12,(S10_Intro) Comment element
,13,(S10a) Which best describes the reason for having a drink $ {LOCATION1.r1.val} in the past week?
,14,"(S10b) You said your reason for having a drink $ {LOCATION1.r1.val} in the past week was best described as [pipe: S10a lower]. More specifically, what best describes that moment?"
,15,(S10c) What type of drink did you have $ {LOCATION1.r1.val}?
,16,(S11_Intro) Comment element
,17,(S11a) Which best describes the reason for having a drink $ {LOCATION2.r1.val} in the past week?
,18,"(S11b) You said your reason for having a drink $ {LOCATION2.r1.val} in the past week was primarily described as [pipe: S11a lower]. More specifically, how would you describe that moment?"
,19,(S11c) What type of drink did you have $ {LOCATION2.r1.val}?
,20,(hQual_Text) Comment element
,21,"(A1_1_Intro1,A1_1_Intro2) Comment element"
,22,"(A1_1) In a few words, please describe the occasion when you were having the drink. An example may be “After a long workday.” As a reminder, we’re asking about the drink $ {LOCATION1.r1.val}."
,23,"(A2_1) What time of day did you have this drink? As a reminder, we’re asking about the drink $ {LOCATION1.r1.val}."
,24,"(A3_1) Which day of the week was this drink? As a reminder, we’re asking about the drink $ {LOCATION1.r1.val}."
,25,"(A4_1) What type of drink did you have? As a reminder, we’re asking about the drink $ {LOCATION1.r1.val}."
,26,"(A5_1) When you had the [pipe: A4_1], which of the following reflects the form of the drink? As a reminder, we’re asking about the drink $ {LOCATION1.r1.val}."
,27,"(A6_1) Which of the following reflect why you drank [pipe: A4_1]? As a reminder, we’re asking about the drink $ {LOCATION1.r1.val}."
,28,"(A7_1) Did you consume any of the following products/substances at the same time as the [pipe: A4_1]? Note: Your answers to questions in this survey will not ever be traced back to you, so please give an honest answer. As a reminder, we’re asking about the drink $ {LOCATION1.r1.val}."
,29,"(A8_1) Was this drink planned or unplanned? As a reminder, we’re asking about the drink $ {LOCATION1.r1.val}."
,30,"(A9_1) Who was with you when you had this drink? As a reminder, we’re asking about the drink $ {LOCATION1.r1.val}."
,31,"(A10_1) Including yourself, how many people were with you when you had this drink? As a reminder, we’re asking about the drink $ {LOCATION1.r1.val}."
,32,"(A11_1) How satisfied were you with the drink you chose? As a reminder, we’re asking about the drink $ {LOCATION1.r1.val}."
,33,"(A13_1) What brand of [pipe: A4_1] did you have? As a reminder, we’re asking about the drink $ {LOCATION1.r1.val}."
,34,"(A13a_1) In addition to [pipe: A4_1], did you have any other drinks during at this location? As a reminder, we’re asking about the drink $ {LOCATION1.r1.val}."
,35,(A13b_1) What other drinks did you have in addition to [pipe: A4_1]?
,36,"(A14a_1) When you recently had a drink $ {LOCATION1.r1.val}, which of the following best describes your role in the original purchase of [pipe: A4_1] for it?"
,37,"(A14b_1) Given you purchased the [pipe: A4_1] for the drink you recently had $ {LOCATION1.r1.val}, where did you originally make the purchase?"
,38,(A15_1) What size was the bottle of vodka you purchased at [pipe: hA14b_1]?
,39,(A16_1) Which of the following describe why you decided to purchase [pipe: A4_1]?
,40,(A17_1) Earlier you said you purchased [pipe: A4_1] from [pipe: hA14b_1]. Why did you purchase it there?
,41,(A18_1) Which of the following best describes why you chose to buy [pipe: A4_1] instead of another type of alcohol?
,42,"(A19_1) When you purchased the [pipe: A4_1], which of the following describes why you chose [pipe: A19_1_pipe]?"
,43,"(A1_2_Intro1,A1_2_Intro2) Comment element"
,44,"(A1_2) In a few words, please describe the occasion when you were having the drink. An example may be “After a long workday.” As a reminder, we’re asking about the drink $ {LOCATION2.r1.val}."
,45,"(A2_2) What time of day did you have this drink? As a reminder, we’re asking about the drink $ {LOCATION2.r1.val}."
,46,"(A3_2) Which day of the week was this drink? As a reminder, we’re asking about the drink $ {LOCATION2.r1.val}."
,47,"(A4_2) What type of drink did you have? As a reminder, we’re asking about the drink $ {LOCATION2.r1.val}."
,48,"(A5_2) When you had the [pipe: A4_2], which of the following reflects the form of the drink? As a reminder, we’re asking about the drink $ {LOCATION2.r1.val}."
,49,"(A6_2) Which of the following reflect why you drank [pipe: A4_2]? As a reminder, we’re asking about the drink $ {LOCATION2.r1.val}."
,50,"(A7_2) Did you consume any of the following products/substances at the same time as the [pipe: A4_2]? Note: Your answers to questions in this survey will not ever be traced back to you, so please give an honest answer. As a reminder, we’re asking about the drink $ {LOCATION2.r1.val}."
,51,"(A8_2) Was this drink planned or unplanned? As a reminder, we’re asking about the drink $ {LOCATION2.r1.val}."
,52,"(A9_2) Who was with you when you had this drink? As a reminder, we’re asking about the drink $ {LOCATION2.r1.val}."
,53,"(A10_2) Including yourself, how many people were with you when you had this drink? As a reminder, we’re asking about the drink $ {LOCATION2.r1.val}."
,54,"(A11_2) How satisfied were you with the drink you chose? As a reminder, we’re asking about the drink $ {LOCATION2.r1.val}."
,55,"(A13_2) What brand of [pipe: A4_2] did you have? As a reminder, we’re asking about the drink $ {LOCATION2.r1.val}."
,56,"(A13a_2) In addition to [pipe: A4_2], did you have any other drinks during at this location? As a reminder, we’re asking about the drink $ {LOCATION2.r1.val}."
,57,(A13b_2) What other drinks did you have in addition to [pipe: A4_2]?
,58,"(A14a_2) When you recently had a drink $ {LOCATION2.r1.val}, which of the following best describes your role in the original purchase of [pipe: A4_2] for it?"
,59,"(A14b_2) Given you purchased the [pipe: A4_2] for the drink you recently had $ {LOCATION2.r1.val}, where did you originally make the purchase?"
,60,(A15_2) What size was the bottle of vodka you purchased at [pipe: hA14b_2]?
,61,(A16_2) Which of the following describe why you decided to purchase [pipe: A4_2]?
,62,(A17_2) Earlier you said you purchased [pipe: A4_2] from [pipe: hA14b_2]. Why did you purchase it there?
,63,(A18_2) Which of the following best describes why you chose to buy [pipe: A4_2] instead of another type of alcohol?
,64,"(A19_2) When you purchased the [pipe: A4_2], which of the following describes why you chose [pipe: A19_2_pipe]?"
,65,"(A20) Much earlier, you mentioned having $ {S8.ival} alcoholic drinks in the past week. How does this compare to a typical week for you?"
,66,(A21) Which of the following liquor/spirits brands are you aware of?
,67,(A22) Which of the following brands do you associate with the following attribute?
,68,(A23) How likely are you to consider the following brands the next time you have a drink?
,69,(SECTION_B_Intro) Comment element
,70,(C1) Please indicate your current marital status or living arrangement.
,71,"(C2) What is the highest level of school you have completed? (If still attending, check present grade.)"
,72,(C3) What is your current employment status?
,73,(C4) Which of the following best describes what type of environment your current living situation is in?
,74,(TestScreen_SurveyEnd) Comment element
,,
[source]: Captured variable,,
Open text response,,
,,
[decLang]: Captured variable,,
Open text response,,
,,
[list]: Captured variable,,
Open text response,,
,,
[userAgent]: Captured variable,,
Open text response,,
,,
[c]: Captured variable,,
Open text response,,
,,
[branding]: Captured variable,,
Open text response,,
,,
[is_test]: Captured variable,,
Open text response,,
,,
[survey_id]: Captured variable,,
Open text response,,
,,
[rd]: Captured variable,,
Open text response,,
,,
[respuid]: Captured variable,,
Open text response,,
,,
[tsid]: Captured variable,,
Open text response,,
,,
[uig]: Captured variable,,
Open text response,,
,,
[fp_etag]: Captured variable,,
Open text response,,
,,
[fp_html5]: Captured variable,,
Open text response,,
,,
[fp_flash]: Captured variable,,
Open text response,,
,,
[fp_browser]: Captured variable,,
Open text response,,
,,
[dcua]: Captured variable,,
Open text response,,
,,
[url]: Captured variable,,
Open text response,,
,,
[session]: Captured variable,,
Open text response,,
,,
[uuid_old]: Original UUID Value,,
Open text response,,
,,